,name,1970,1971,1972,1973,1974,1975,1976,1977,1978,1979,1980,1981,1982,1983,1984,1985,1986,1987,1988,1989,1990,1991,1992,1993,1994,1995,1996,1997,1998,1999,2000,2001,2002,2003,2004,2005,2006,2007,2008,2009,2010,2011,2012,2013,2014,2015,2016,2017,2018,2019,2020
0,Canada,540.1627500000044,590.5500000000048,666.7500000000053,714.3750000000058,699.5541000000056,714.5655000000057,720.8520000000059,757.2375000000061,730.758000000006,770.5725000000062,712.2795000000057,688.2765000000056,722.4712500000059,679.5135000000056,744.7597500000061,805.1368200000064,755.1515250000061,818.5651650000065,945.2686200000074,1004.2693275000082,1034.4778650000085,1088.785605000009,1199.6470800000095,1320.6402975000108,1429.4710425000117,1527.412500000012,1539.180750000012,1597.3090000000125,1656.0410000000131,1705.4020000000137,1763.046750000014,1794.1922500000144,1807.2257500000144,1760.4700000000137,1767.3520000000142,1791.524500000014,1793.9740000000145,1746.791250000014,1664.9160000000136,1550.5082500000126,1495.9107500000116,1510.7132500000118,1503.0520000000122,1519.2035000000124,1589.9160000000124,1607.5567500000127,1719.8332500000138,1739.0197500000138,1767.7627500000144,1689.8585000000137,1651.9486942422473
1,Mexico,110.3030724735389,109.18173073651016,113.480226712809,123.3059401084132,129.2620303659848,131.3903411504026,128.85492711777053,136.65276270152472,171.05864545712492,207.6546544500975,251.15241594518648,270.5790728942905,288.5231111946229,290.9616630092805,286.19361489329134,277.63767532751206,246.6160911389597,250.671013527726,253.93228626170745,243.76479232539504,263.861396841276,267.5909671601912,259.3753216405873,277.78210000000223,292.2300972222246,291.8625122222245,308.0502702777802,311.0647225000025,329.3411313888915,342.35268361111395,333.7866919444471,331.4070427777804,337.27730555555826,348.40408083333614,370.27044916666966,443.1189113888924,484.522002500004,468.58574305555936,472.30578388889273,525.8305111111154,511.77817805555975,520.9899083333374,508.50187000000415,524.8803919444487,512.9980325000042,479.4694752777816,436.51424027778125,382.6844372222252,351.9102777777806,312.9488888888915,300.7177218207192
2,US,5714.622983608433,5876.605972425149,5857.550081143051,5852.223104143173,5594.471904292253,5180.414707403605,5138.206142963688,5160.62660735979,5139.498586383146,5295.416850395037,5250.90747290452,5195.927193604676,4831.8986351355625,4376.738044812617,4749.843776309747,4478.812324677934,4362.867225518222,4519.811531346786,4641.875690687731,4707.46798551719,4833.779272192858,4808.083650666261,4846.68919936948,4901.799250539196,5103.308588054503,5033.2085670947245,5102.320792012486,5115.3990005976,5173.280419728187,5101.38047348384,5186.002810727006,5318.949871187727,5112.287640888225,5178.558072866956,5031.100829265152,4894.4080567636665,5017.2405605292815,5218.888901653171,5460.674732578283,5575.82511091701,5751.5744684987085,6173.585467696295,6491.248277902207,6556.9273510755465,7047.264822344657,7403.032029723791,7273.561114533491,7461.707114619512,8409.361710374324,9299.875272443129,9146.20955267658
4,Argentina,58.54450000000048,63.26598750000052,60.13940000000049,65.48815000000053,70.48680000000057,74.80470000000061,71.32315000000057,73.61825000000061,75.95225000000062,70.31175000000059,81.64623750000065,84.95273750000068,95.20775000000076,127.78650000000104,131.09300000000107,135.08025000000112,150.83475000000124,147.33375000000123,174.66100000000142,184.67775000000157,173.4940000000014,193.8192500000016,195.3752500000016,209.2820000000017,216.57575000000176,243.222250000002,281.3442500000023,266.2705000000022,287.7627500000024,336.1932500000027,363.812250000003,361.186500000003,351.16975000000286,399.1140000000032,436.4580000000036,443.7517500000036,448.3225000000037,435.9717500000035,428.4835000000036,403.0119119682538,389.96995759325335,377.1784510460033,366.9120329687528,345.55853567050275,344.8587954685021,354.91144248575245,372.8235641480033,371.4988828035026,394.2538984767527,416.1581657040027,382.91571479600304
5,Bolivia,0.4186800000000034,0.4186800000000034,11.164800000000092,17.21240000000014,18.014870000000148,17.759010000000146,18.305620000000147,19.317430000000154,19.038310000000152,20.81770000000017,25.5278500000002,27.22583000000022,28.237640000000223,27.10953000000022,26.074460000000208,25.841860000000214,26.318690000000213,27.52821000000022,29.098260000000234,30.691570000000247,31.36611000000025,31.18003000000025,28.311233735080204,28.24683784847505,30.458205055042598,30.43366925491412,30.73311586603772,25.904449086660808,27.05500295456309,21.784060547811848,31.224025881505,45.47095314320849,58.2584580037519,66.95388654564135,94.19880353394196,116.21581345530905,124.45292888113346,133.30192546305187,137.92018935365587,118.81584314764042,137.14502311718795,150.34001244715537,171.39783626480298,195.75464173333657,202.7682462439672,195.60595680666427,187.7454544822364,182.3577482013766,170.36033961680806,149.50343722193213,144.0965282758256
6,Brazil,0.8110123893805371,1.2874821681416029,1.7538142920354116,2.0072556637168297,3.862446504424809,4.207126769911537,4.845799026548709,6.031904646017745,7.937783761062008,8.698107876106262,10.168067831858489,9.123889380531043,13.037024159292134,17.629381814159427,20.5186134513276,25.7395057079648,29.977045442478108,33.48467402654894,33.697564778761325,34.549127787610885,31.45513579743388,32.70060752380556,37.0439945127879,43.39462702783219,47.39170158889417,52.304946433274736,57.15754782623938,62.21663297354031,65.17324960261112,76.5252333204873,77.09713111534856,78.73798048515732,95.12575740905405,103.34111315098974,113.65777781550356,112.41440709352534,114.7847159761368,115.5773508260716,143.7606972166949,122.76942431914848,150.20553351427992,172.26965221479682,198.3284957782325,219.49594434327452,233.47676079327616,238.0449502789399,241.2357771484089,271.8142186905774,251.62356744325012,257.46527047725857,239.28180499867443
7,Colombia,12.4932500000001,13.004500000000103,15.88550000000013,16.460000000000132,17.125500000000137,14.91575000000012,15.14800000000012,17.174750000000135,22.808250000000186,26.05600000000021,27.844750000000225,30.519000000000243,32.53600000000027,35.745500000000284,36.34075000000029,37.0675000000003,36.12650000000029,38.06925000000032,36.710750000000296,37.10250000000029,39.24600000000032,38.86150000000032,39.80900000000032,38.97375000000032,40.20450000000034,42.149000000000335,45.46850000000036,56.74000000000045,64.89550000000052,56.92900000000045,57.35807355078383,59.389931181200055,59.98681491166437,57.49979936806302,61.34820040649053,64.46344289014678,67.6468227859565,72.57884233266621,87.18864453895111,101.1181970769535,108.43387770101852,105.45846457194776,115.2564767799446,132.23475922257688,123.32834187900914,116.10315828737718,120.20202398275944,122.87946259655033,128.5651818179752,131.93889407944062,132.58293442722805
8,Peru,3.975125000000032,4.745125000000039,4.562250000000037,4.466000000000036,4.600750000000038,5.678750000000045,6.160000000000049,6.11668750000005,6.391000000000051,5.909750000000047,6.352500000000051,7.295750000000059,7.656687500000061,5.043500000000041,6.814500000000054,5.313000000000043,5.6354375000000445,5.601750000000044,5.284125000000042,4.480437500000035,4.287937500000034,4.023250000000032,3.628625000000029,3.821125000000031,3.984750000000032,3.859625000000031,3.917375000000032,2.3196250000000185,3.936625000000032,3.955875000000032,3.325437500000027,3.561250000000028,4.254250000000034,5.03387500000004,8.277500000000066,14.599701208930934,17.08644260016703,25.751993197739942,34.97943491614715,35.857998813656536,73.14945904836341,114.80540723125124,119.5807474709357,123.99125543279575,131.27230024552978,126.5671660782385,140.18435321378098,130.1074692413131,128.11485579619753,134.95792144765326,120.8974103609633
9,Trinidad & Tobago,17.767575000000143,18.63500000000015,19.260750000000154,18.49800000000015,16.899750000000136,15.359750000000124,17.28825000000014,20.321500000000164,24.260250000000195,25.0765000000002,28.33250000000023,31.209500000000247,37.93125000000032,39.297250000000325,41.176000000000336,42.15200000000034,43.13450000000035,45.69350000000036,52.59425000000042,52.69475000000042,54.63375000000044,55.35165461625046,53.48801122015356,60.033137842500494,68.75721952530056,73.81322140965061,83.34404657394835,90.44336442680512,90.44336442680512,114.07534029316386,138.30671124130237,147.14865614885747,172.62418634064514,251.8541592244333,285.78665117375857,300.10345302373,355.6027120522904,377.03344073659815,373.9951581227618,385.5821044890969,402.9303044187483,386.8521633502419,385.3240721489206,387.4725975684032,380.67205472885934,359.55856537847166,312.8169845593938,318.72927587781857,339.61113154528584,345.60890496463264,294.6526416157511
10,Venezuela,85.5810000000007,82.93920000000067,82.43970000000067,101.55390000000084,107.32590000000089,104.38440000000084,129.40380000000104,141.25305000000117,142.53510000000117,159.6402000000013,164.34105000000136,165.22905000000134,176.30130000000145,173.60400000000143,192.0300000000016,192.3130500000016,211.7214000000017,206.31570000000164,211.21080000000168,216.87180000000177,243.817050000002,243.112200000002,239.959800000002,258.95190000000207,273.8980500000022,305.26110000000244,330.01410000000266,342.2130000000028,358.924050000003,304.2510000000025,309.9564000000025,328.4823000000027,315.41205000000264,279.9864000000023,315.2955000000026,304.35090000000247,349.45020000000284,372.471600000003,334.2321000000028,317.9595000000026,304.5174000000025,302.3640000000024,319.0473000000026,305.9049000000025,317.88180000000256,360.65010000000296,372.38733946121374,386.0538774256978,316.19099517289845,255.7621864967859,187.51450096579248
13,Denmark,0.0,0.0,0.0,0.0,0.0,0.0,0.0,0.0,0.0,0.0,0.0,0.0,0.0,0.0,2.418600000000019,11.696850000000095,19.83877500000016,25.28583750000021,24.973087500000204,32.02560000000026,32.703225000000266,41.08823368650033,42.79899564997534,46.952901232650376,50.873660145000414,55.08505084567544,66.93522229020054,81.93912494250065,78.86699793465063,80.85002411872566,84.99486319357568,87.38350053427573,88.42309589442989,83.76553772847414,98.7583082444447,109.1300938760606,108.42959023925089,96.15170569419244,104.90115621486753,87.5675192896785,85.35938767234511,68.57122941671687,59.9119495348464,49.73585405805187,48.00654328055506,47.93545261927736,47.00102649483594,50.50028627693236,42.92761380257648,32.02556779182804,13.796929768583446
14,Germany,120.12975000000094,147.9972500000012,177.18575000000143,198.3745000000016,206.0370000000016,191.25200000000152,197.2097500000016,196.0660000000016,202.71250000000165,203.0047500000016,184.8155000000015,189.3257500000015,166.20250000000135,183.71300000000147,180.5255000000014,171.07700000000136,140.15150000000114,157.30550000000125,146.3842500000012,153.2025000000013,150.2462500000012,153.95282280000123,156.15968508000122,155.40354900000125,162.92094840000132,168.11718588000136,182.06174196000143,178.96685940000145,174.8696569200014,186.7831963200015,176.6544897600014,178.33381524000143,177.8678244000014,185.15662452000151,171.3351603600013,165.42674820000133,163.4221083600013,149.6973592800012,136.35067824000106,127.46168316000102,111.23992656000088,104.65450884000084,94.61372508000076,86.04125208000067,80.82743004000064,75.24433224000059,69.23041272000054,63.76161456000051,55.41774084000045,53.30759364000042,44.97251220000036
15,Italy,125.815500000001,128.20200000000102,135.8732500000011,146.7525000000011,146.4845000000012,139.6182500000011,150.02875000000122,131.61200000000105,131.45500000000106,128.25850000000102,119.35625000000094,133.75875000000104,137.3407500000011,123.14950000000098,130.33925000000104,134.19225000000108,150.37625000000122,154.11825000000118,156.64075000000125,160.1127500000013,163.16600000000128,164.1107500000013,171.35075000000137,182.37750000000145,192.42625000000152,190.11200000000147,190.3087500000015,184.85885000000152,182.38166000000143,167.68134000000134,159.58686000000128,146.24725000000117,140.30432000000113,133.22165000000106,124.359590000001,115.82317000000091,105.34454000000088,93.12674689314008,88.15177950000071,76.3239486277006,80.06565047407565,80.47827226160065,81.95804096661651,73.67495028011957,68.09556246788891,64.49687846238646,55.09763239067978,52.73058550490112,51.89196921924366,46.21247438186855,38.756932484698325
16,Netherlands,279.1666666666689,385.83333333333655,514.4444444444485,625.5555555555604,741.6666666666727,803.3333333333397,858.3333333333401,861.1111111111181,788.3333333333396,826.6666666666734,799.4444444444508,742.2222222222284,634.7222222222274,675.8333333333388,684.1666666666723,716.3888888888946,655.0000000000052,656.1111111111164,579.1666666666714,633.0555555555605,634.1666666666719,717.0000000000058,720.0555555555612,734.0000000000061,696.2777777777834,707.833333333339,801.0833333333399,709.5000000000057,676.7777777777832,629.3333333333385,613.6111111111161,646.4722222222274,635.1944444444496,607.1666666666717,716.1666666666723,653.3333333333385,645.0277777777831,620.027777777783,709.0833333333389,655.0000000000052,752.6666666666727,694.9722222222279,684.0277777777833,724.0555555555613,603.8611111111162,458.7222222222261,442.8611111111147,379.3055555555586,323.25000000000256,278.4444444444468,199.7222222222238
17,Norway,0.0,0.0,0.0,0.0,0.0,0.0,0.0,26.349882500000213,140.9423941250011,205.14702062500163,249.001546225002,247.639885850002,237.80336722500192,234.35477710000188,257.6787553750021,259.8926159500021,258.94030227500207,279.3975435500023,281.1709822500022,285.2219801750023,252.88355117500203,248.393094100002,256.39906557500206,246.178191400002,266.4029594000022,276.0499800000022,371.17458427500304,426.2263757750035,438.6310477000035,481.072610600004,494.2247739750039,536.3121533250044,651.0193979500052,724.1274045000059,785.8502946750064,851.9877851500069,880.0328378000071,896.3240206250073,993.288193875008,1034.6422546750082,1061.9538399000085,1005.0689009000082,1138.6252390500092,1079.3039904500088,1074.9113938750088,1161.3087769250094,1158.9093089250098,1237.29222470001,1212.8686656000098,1142.5978691750092,1114.542583850009
18,Poland,51.19325000000041,52.79025000000043,55.84075000000045,56.64775000000045,54.83525000000044,56.437750000000456,61.4325000000005,64.66100000000051,69.33525000000056,62.20800000000049,52.83525000000042,46.95900000000038,43.27800000000035,42.311250000000335,46.47450000000037,48.06200000000039,43.63425000000035,43.83700000000035,43.50500000000036,40.28375000000032,27.655250000000223,30.91500000000025,29.770500000000244,38.04100000000031,36.04525000000029,36.8580000000003,36.52025000000028,37.26400000000031,37.78125000000031,36.07850000000028,38.53450000000031,40.61225000000032,41.50925000000033,41.99925000000034,45.65450000000037,45.17500000000037,45.128500000000365,45.31861110000036,42.9130555555559,42.797222222222565,42.94916666666701,44.77361111111147,45.43583333333371,44.46305555555592,43.33722222222257,42.83250000000034,41.31805555555589,40.40000000000032,39.81305555555588,39.85194444444476,39.2771075193181
19,Romania,217.42856050000177,232.36145675000188,237.6869795000019,251.636774000002,259.7159135000021,282.12224675000226,307.73414400000246,325.8959005000026,328.12302200000266,313.5255917500025,323.73400850000263,340.7495895000027,344.5235820000028,341.8864465000027,339.4449995000027,324.45153300000254,328.3420067500027,312.0579280000025,305.5908890000025,273.9452630000022,266.4527500000021,233.26850000000184,204.8232500000016,194.9202500000016,172.39850000000138,168.00300000000135,160.0755000000013,138.4895000000011,129.66900000000106,130.16700000000102,127.559250000001,125.374000000001,123.266000000001,121.28375000000096,120.68975000000096,112.82625000000093,111.1640000000009,107.37675000000088,104.58350000000084,103.95400000000085,100.2345000000008,100.7950000000008,100.9797500000008,100.0190000000008,101.9430000000008,102.17225000000082,90.52775000000074,100.1140102777786,99.57649555555636,96.22586638888964,87.05940920006461
20,Ukraine,,,,,,,,,,,,,,,,405.8210422812224,375.7251720747325,336.92232055064176,306.63716814159534,291.4945919370721,265.9414945919392,230.9242871189792,198.74631268436735,181.7109144542787,172.24680432645172,160.6816617502471,162.44198623402292,164.8553343166188,158.63741396263643,159.90087266470135,157.8802851524103,161.56182399213498,176.78957718780867,182.96964110127968,193.66408554572425,196.739921337268,199.6359390363831,199.73058013766132,202.9483775811225,203.37426253687477,194.27925270403296,195.44333824975573,193.92908062930337,201.58554572271544,202.19124877089635,188.3357915437577,190.2286135693231,194.01425762045383,196.85349065880197,194.01425762045383,189.74594395280383
21,United Kingdom,109.49645000000088,181.9629800000015,262.55888000000215,285.0745600000023,343.8060600000028,358.0062900000029,379.12637000000313,396.12943000000325,379.33571000000313,383.0456800000031,364.14693000000295,363.33283000000296,369.287390000003,380.7778300000031,372.24141000000304,415.3189300000034,436.6483500000036,457.14041000000367,440.2303900000037,431.1124700000036,476.0391600000039,530.0256200000043,538.9923500000043,633.6954400000052,676.5403600000056,740.4534000000059,880.6077000000071,898.5087000000071,943.9731000000074,1037.3670000000084,1134.5904000000091,1108.136700000009,1084.8645000000083,1078.0610665456452,1009.1314107463652,923.3902397938208,837.4842000000067,754.9283638927787,727.705649598941,612.0574811810046,579.0093260694771,460.8252839277138,391.923849710133,369.8037975187418,374.31513475535206,406.61183115108577,417.3818909244966,418.8464820843784,407.15365102172206,395.35227651846407,394.7504015184642
24,Azerbaijan,,,,,,,,,,,,,,,,137.1721238938064,132.58997050147593,121.8657817109154,116.01622418879148,108.21681415929288,96.517699115045,83.84365781710979,77.01917404129854,66.29498525073797,62.395280235988686,64.34513274336332,57.29641592920399,54.56662241887948,50.92039823008889,54.56662241887948,51.44685840708004,50.43293510324522,46.77696165191776,46.63072271386467,45.43156342182926,55.88374778761105,65.9381622418884,105.60498672566456,159.26882743362955,159.13428761062073,162.54652949852633,159.5115840707977,168.09775958702193,174.46402802360015,183.84077500000149,187.8405250000015,182.77540000000144,177.58627500000142,190.4661585000015,243.18223050000196,258.43546650000206
25,Kazakhstan,,,,,,,,,,,,,,,,38.678775757362736,41.287608139824144,44.74005751552716,50.57448428391236,47.56865566933725,50.429155306085015,55.89919624713728,57.51199344009915,47.394260895944434,31.81570339469725,41.93839839175338,46.25006104124533,57.52262726774504,56.34369024273598,70.50865758892118,81.82305020416143,82.30440813559933,100.02249175920208,117.6590493708529,156.68661467500124,192.26267976570787,201.198942999767,229.1533956445037,255.09775367034243,264.856103423046,277.6878431979813,293.25935996004006,296.7829119980211,311.2771286619217,317.1075437368796,318.93013745135863,320.95624801742275,344.5765208055829,341.2864669438632,340.4199665834601,316.9185107371808
26,Russian Federation,,,,,,,,,,,,,,,,4248.812241887938,4625.671091445463,5005.472713864347,5423.898230088538,5662.998525073789,5995.899705014797,5913.134218289131,5922.330383480874,5685.988938053142,5584.831120943997,5411.943215339276,5523.2168141593365,5235.376843657858,5412.862831858451,5444.129793510368,5370.560471976445,5347.570058997092,5475.396755162286,5706.220501474971,5825.770648967598,5894.741887905652,6047.812057522172,6016.131268436627,6114.53023598825,5361.897684365824,5983.867442477924,6168.277223451378,6018.549859882053,6144.962185840757,5911.5515582596345,5844.395642330429,5892.753676991196,6355.608626106244,6691.129793510377,6790.448377581175,6384.897492625418
27,Turkmenistan,,,,,,,,,,,,,,,,787.3193215339295,801.6101278269483,833.7881022615602,835.6809242871254,850.8235004916488,792.4262500000063,761.4337500000061,503.002500000004,588.8575000000046,323.3037500000026,291.6375000000023,317.62500000000256,156.21375000000123,120.12000000000096,205.87875000000165,424.36625000000345,463.2512500000037,483.0787500000038,534.1875000000043,526.4875000000043,568.8375000000045,565.9500000000046,616.0000000000049,616.0000000000049,333.2175000000026,401.2782694198655,563.1145526057076,589.6140609636232,589.6140609636232,635.0417895771927,658.7020648967604,632.2025565388448,586.774827925275,615.1671583087561,631.6318406604593,589.6140609636232
28,USSR,1875.013864311889,2011.937380483696,2097.188964402497,2238.327697779178,2468.50697435994,2740.06168633596,3040.194624668444,3277.478199909106,3525.569780563789,3851.448695345272,4122.387702384673,4407.506888601994,4742.829785349277,5074.36372281128,5564.086710433724,,,,,,,,,,,,,,,,,,,,,,,,,,,,,,,,,,,,
29,Uzbekistan,,,,,,,,,,,,,,,,327.36356932153654,365.3146509341228,376.6715830875153,377.6179941002979,388.9749262536904,368.0600000000029,378.166250000003,384.6150000000031,406.3675000000033,426.19500000000335,433.41375000000346,442.3650000000036,453.62625000000367,494.725000000004,501.847500000004,509.25875000000406,514.648750000004,527.3537500000042,530.9150000000043,538.0375000000043,546.2187500000043,565.9500000000046,589.0500000000047,610.2250000000049,584.2375000000047,571.4362500000046,566.4312500000044,565.2762500000044,559.0200000000044,562.9662500000045,536.1125000000044,531.2403761061988,533.9565757128851,571.5991273353044,572.933566863328,470.7325344149496
32,Bahrain,6.5011700000000525,9.47845000000008,11.827710000000096,16.770460000000135,20.67814000000017,21.759730000000182,22.80643000000018,24.7370100000002,27.179310000000218,30.13333000000024,24.4578900000002,22.678500000000184,35.80877000000029,37.5300100000003,38.66975000000031,47.206170000000384,54.04461000000044,52.509450000000406,55.77748000000044,58.02207000000047,60.76675000000047,57.92903000000047,67.68660000000054,72.50142000000058,74.2226600000006,75.4554400000006,77.70003000000061,83.42199000000069,87.71346000000072,90.76052000000072,91.74907000000071,95.54045000000076,98.9945600000008,100.7739500000008,92.69888888888964,101.74285193640456,107.63207161021886,111.9862633039674,120.1757827489052,121.33504400570722,124.28656067629,126.24079243642976,130.51854491736705,139.5782985044261,146.96524791140743,145.84345495083474,144.41371015512507,144.66323045094936,146.474561354513,162.65963194950132,164.3681805594045
33,Iran,34.9545383970154,84.5439972332679,114.0043442122804,125.98126809473936,130.7200924006935,136.178526523685,138.73763759533205,140.88401174188357,88.25415974197863,85.00564905351878,45.35404071881334,49.28040561386983,67.49102481037461,77.13310996295175,89.78871549688124,96.86438076609092,93.05474708599192,113.9176694781958,123.67467661554274,156.16835250000125,247.180372500002,291.99689750000226,309.0441780000025,165.13165750000135,262.3145682500022,318.6799670000026,374.79384540000297,393.7993577500032,444.7178250000036,529.8002740000042,563.3661039000046,626.0523800000051,744.4714287500061,780.8762367500061,910.401283200007,966.1252720000076,1052.7727575000083,1180.1442495000097,1235.6742380000098,1357.356062000011,1439.1015925000115,1509.8625880000122,1569.3575875000129,1575.2805470000123,1754.5060335000144,1835.478963000015,1993.419197500016,2138.038364298427,2320.145868159931,2414.2150950233518,2507.862327725763
34,Iraq,7.41000000000006,8.787500000000069,8.88250000000007,8.645000000000069,7.942000000000062,12.302500000000096,17.147500000000136,11.19100000000009,11.599500000000091,16.634500000000134,12.169500000000095,5.890000000000047,6.460000000000052,4.465000000000036,5.605000000000044,8.075000000000063,14.725000000000117,35.625000000000284,53.20000000000043,61.27500000000049,37.81000000000031,16.530000000000133,21.56500000000017,24.2250000000002,30.11500000000024,30.11500000000024,30.780000000000246,28.97500000000023,28.02500000000023,30.21000000000024,29.92500000000024,26.22000000000021,22.420000000000176,14.82000000000012,9.500000000000076,13.77500000000011,13.77500000000011,45.42957000000036,64.57625000000051,68.52730000000054,71.35260000000058,63.0192000000005,63.41345000000051,70.72655000000057,75.30834300000062,73.01096750000059,98.95578100000078,101.17798394180552,105.73735556445352,109.6685384159347,104.92481865934002
35,Kuwait,19.35150000000015,19.98800000000016,23.62650000000019,26.46700000000021,27.84450000000022,30.514000000000244,36.70800000000029,40.02350000000032,44.849500000000354,59.384500000000486,38.67450000000031,44.49800000000036,34.91250000000028,38.33250000000031,41.57200000000034,39.90000000000031,54.43500000000044,45.41000000000037,64.98000000000053,77.5200000000006,39.80500000000033,4.750000000000038,24.8900000000002,51.49000000000041,56.71500000000045,88.1410000000007,88.3690000000007,88.0650000000007,90.16450000000071,82.53600000000067,91.20000000000071,90.25000000000072,82.74500000000066,95.00000000000075,103.55000000000082,116.85000000000092,117.89500000000092,106.97000000000084,120.65000000000096,109.14550000000088,111.46350000000088,128.56350000000103,147.39250000000118,154.95638600963025,142.77337265647205,160.63550000000126,164.2645000000013,162.466402453227,168.50891275886028,179.24573715804186,149.7046983047249
36,Oman,0.0,0.0,0.0,0.0,0.0,0.0,0.0,0.0,3.0254250000000247,5.089500000000043,6.460837500000052,7.615400000000061,8.331700000000067,10.348650000000085,13.006500000000107,16.559725000000135,19.358950000000156,21.686925000000176,21.823587500000176,22.648275000000183,24.4767250000002,24.8160250000002,27.125150000000215,26.031850000000208,27.257100000000214,38.18067500000031,41.28150000000033,46.95535000000038,48.7555250000004,51.38510000000041,103.21107860151146,154.24640981431625,166.44097914795134,183.3548991234202,186.5753694447701,208.49398832530292,242.91458277352692,246.0651756778332,241.3631564425564,239.139704158925,256.97760982790777,271.2787826983127,283.2199301071995,307.85902117717177,293.49079754575934,307.47117882916746,314.7750298205152,323.23413951955365,363.3264798349255,366.9019463672266,369.3040494526599
37,Qatar,10.401750000000089,10.401750000000089,11.416050000000093,16.353000000000133,13.434300000000109,20.73105000000017,11.322900000000091,16.05285000000013,15.307650000000123,45.146700000000365,49.06935000000039,44.743050000000366,52.31925000000042,54.18225000000045,61.3755000000005,56.51100000000047,60.03000000000048,58.06350000000048,60.65100000000049,64.17000000000053,65.20500000000054,78.97050000000065,82.25772534771366,85.7181574227842,89.40333738131847,93.0885173398527,97.03910383288908,134.1115417078352,162.29365917119762,213.6483803073156,257.7150000000021,279.45000000000226,305.3250000000025,324.9900000000026,405.4095000000033,474.0300000000039,524.7450000000043,654.1200000000053,796.7533500000063,924.2550000000076,1231.1125974162835,1503.5589900000125,1625.4632979000132,1678.8921359080848,1694.2522782026113,1757.6361893878818,1745.491446138902,1704.6752083884596,1690.6612989695304,1721.0408993706033,1713.187211139388
38,Saudi Arabia,15.361500000000122,12.815500000000103,14.525500000000116,17.10000000000014,21.641000000000176,25.745000000000203,27.79225000000022,39.11150000000031,53.93150000000044,66.21500000000053,92.37800000000075,107.71100000000088,114.1615000000009,111.4730000000009,172.9000000000014,178.60000000000144,239.4000000000019,254.600000000002,276.4500000000022,283.1000000000023,318.4400000000026,334.1150000000027,363.37500000000296,380.380000000003,406.3150000000033,407.8350000000032,421.8950000000034,430.7300000000035,444.79000000000354,438.9000000000035,473.1950000000038,510.055000000004,538.6500000000043,570.5700000000045,623.960000000005,676.7800000000053,697.8795000000055,706.9900000000057,764.1800000000061,745.2750000000059,832.7700000000067,876.4700000000071,943.6350000000076,950.2850000000076,972.6100000000076,992.275000000008,1053.1700000000085,1092.5020900000088,1121.0000000000089,1111.5000000000089,1121.0005798039135
39,Syria,0.0,0.0,0.0,0.0,0.0,0.0,0.3140000000000025,0.3495000000000028,0.3370000000000027,0.3475000000000028,0.4677500000000037,0.4720000000000038,0.4925000000000039,0.7475000000000062,1.26250000000001,1.500000000000012,3.7927500000000314,3.7342500000000296,8.833500000000072,14.459250000000118,15.921750000000127,18.58350000000015,19.222000000000158,19.025000000000155,20.623000000000165,26.00550000000021,27.709500000000222,42.97800000000034,54.19375000000044,53.72250000000043,53.72250000000043,55.04200000000044,60.88550000000048,64.56125000000051,59.37750000000047,57.49250000000046,58.906250000000455,56.55000000000045,55.60750000000044,61.35675000000048,84.25950000000067,74.1747500000006,60.79125000000048,49.952500000000406,46.18250000000037,40.52750000000033,35.343750000000284,34.87250000000028,34.684000000000275,33.27025000000026,29.989443968675456
40,United Arab Emirates,8.121750000000064,14.342250000000114,14.556750000000118,16.921125000000135,16.945500000000134,16.185000000000134,18.91500000000015,38.0250000000003,55.67250000000044,59.57250000000048,73.3200000000006,86.38500000000069,92.62500000000072,81.51000000000064,107.25000000000084,128.99250000000103,148.3950000000012,164.67750000000132,169.26000000000136,198.70500000000155,196.07250000000155,232.14750000000183,216.15750000000176,224.15250000000185,251.745000000002,305.3700000000025,329.5500000000026,354.0225000000029,361.4325000000029,375.27750000000304,374.205000000003,383.7600000000031,423.05250000000336,436.70250000000345,451.3275000000036,465.9525000000037,475.7025000000038,490.3275000000039,489.840000000004,476.1900000000039,499.999500000004,510.003000000004,529.4250000000043,532.3500000000042,528.8847879950276,585.9873521699136,595.2082212273203,594.951930920017,580.3385890735887,580.2694695135743,554.319823679592
41,Yemen,0.0,0.0,0.0,0.0,0.0,0.0,0.0,0.0,0.0,0.0,0.0,0.0,0.0,0.0,0.0,0.0,0.0,0.0,0.0,0.0,0.0,0.0,0.0,0.0,0.0,0.0,0.0,0.0,0.0,0.0,0.0,0.0,0.0,0.0,0.0,0.0,0.0,0.0,0.0,7.819000000000061,62.553000000000495,94.23025000000077,76.1690000000006,103.52975000000082,97.61675000000078,28.56350000000023,5.01125000000004,3.006675000000024,1.002225000000008,1.002225000000008,1.0150835171064687
44,Algeria,24.380125000000195,25.698750000000203,32.56137500000026,43.21625000000034,49.9633750000004,61.5230000000005,77.49087500000061,74.16543750000059,115.01875000000092,188.5345000000015,154.09750000000122,178.64843000000147,233.10009000000187,333.7926300000028,339.75882000000274,373.3811500000031,381.8943100000031,431.0078000000036,450.58109000000366,485.8316200000039,516.5697100000042,557.0304800000046,580.0113600000046,587.4661900000048,540.1088300000043,614.9129900000049,652.5127800000055,748.5882100000063,801.6210100000065,901.0691400000076,918.8863000000076,864.7253900000071,889.4158800000071,938.5758900000076,920.5493900000074,849.1175000000068,812.9948750000066,816.4598750000066,826.0078750000065,765.6687500000061,773.9655000000063,795.9875000000063,784.4375000000063,793.3887500000063,801.7240000000063,814.1113750000063,913.9226250000072,929.7653750000076,938.4375000000076,869.5225000000071,814.5637500000064
45,Egypt,0.8181250000000067,0.8181250000000067,0.6833750000000055,0.5486250000000045,0.5775000000000047,0.4812500000000038,3.6575000000000295,4.427500000000036,7.122500000000056,10.780000000000088,20.98250000000017,23.48500000000019,25.698750000000203,30.12625000000024,38.6925000000003,47.45125000000037,54.67000000000043,60.44500000000048,66.60500000000053,74.4975000000006,77.67375000000061,87.39500000000069,94.51750000000077,108.66625000000084,116.46250000000092,120.31250000000097,128.01250000000104,130.90000000000103,134.75000000000108,161.7000000000013,202.1250000000016,242.55000000000192,262.7625000000021,289.7125000000024,317.62500000000256,409.0625000000033,526.4875000000043,536.0162500000042,567.5862500000045,603.3912500000048,590.2050000000048,591.4328083125048,585.9818146875047,539.6483688750043,469.6104875000038,425.90625000000335,402.5175000000031,488.1264867858926,585.5832658081101,649.386967075005,584.6543212125047
46,Libya,2.793000000000022,6.726000000000053,26.904000000000213,43.04450000000035,38.71250000000031,44.03250000000035,45.40050000000036,47.98450000000039,48.6495000000004,64.45750000000051,49.1150000000004,29.92500000000024,31.82500000000025,35.24500000000028,43.70000000000034,49.40000000000039,53.200000000000415,47.500000000000384,52.25000000000041,64.6000000000005,58.90000000000046,62.13000000000049,64.31500000000051,60.420000000000485,60.70500000000049,60.23000000000048,60.990000000000485,62.4150000000005,60.420000000000485,49.40000000000039,55.86000000000045,58.71000000000046,56.05000000000046,52.25000000000041,76.57000000000063,107.35000000000086,125.352500000001,145.16000000000116,151.0500000000012,151.0500000000012,159.73300000000128,74.6225000000006,115.9000000000009,121.60000000000096,156.97175000000124,147.1835000000012,147.9195000000012,135.9380000000011,131.85975000000104,145.04339680921953,133.05995236100134
47,Nigeria,1.0545000000000084,1.952250000000016,2.6172500000000216,4.009000000000031,3.7430000000000314,3.3535000000000266,6.2272500000000495,8.198500000000065,9.932250000000082,13.091000000000106,15.822250000000128,23.303500000000184,24.277250000000198,27.521500000000223,26.476500000000208,25.0800000000002,29.25050000000024,28.96550000000023,34.82225000000029,40.31800000000032,38.38950000000031,37.44900000000029,40.53650000000033,46.18900000000038,42.189500000000336,45.91350000000037,51.651500000000425,49.7459743415467,60.17689039932079,43.37716492495078,112.04464037100064,152.61342395921957,171.40391438686066,213.93889122561828,228.9419690921352,229.8398668853191,268.9150824313282,336.3422780313487,327.79218743525365,231.91938766679945,309.0666739642495,364.2581556303946,391.60302544998376,330.9957084399352,399.8253331879129,475.65285421200383,426.3702084720035,472.0561895092538,482.69553797550367,492.7914860902539,494.3113930140039
50,Australia,17.303974620000137,25.82667936100021,37.0742628640003,47.068799929000384,53.70199020000043,57.669970587000456,68.07721739150054,77.76843766000063,83.72538064700069,96.37518278300078,110.66587906400088,119.94438959300096,116.98083531900092,127.07482051400102,125.317263767698,133.95262335036207,146.3292812525042,149.39459085312018,152.99338994712122,177.07563971497845,206.11147045182668,215.76499987905677,233.33595294885487,243.83902797142295,279.91216640033923,295.9596835114804,296.33702949595244,296.3764706243104,302.73707908147713,307.1253309238967,311.9233041955533,326.4131783815562,330.01159696357666,337.45225852471594,359.3031260985998,382.3527969610582,406.8222719050449,427.5118479425609,416.8290343516629,466.975928228968,526.2550944352319,541.6328150020963,579.6200831546942,602.5001934836362,649.2760795631947,740.9851920378889,939.9792859948994,1101.2462724544323,1260.1577538431147,1431.490188286299,1425.1601520305935
51,Bangladesh,0.0,0.0,4.396140000000036,6.082490000000051,6.687250000000055,6.722140000000054,8.850430000000072,9.873870000000082,10.897310000000086,12.5371400000001,14.118820000000111,13.613856578437613,17.674846829062638,19.66718499900016,22.700662951312687,25.780474349437718,29.07014900212523,34.15592605425027,40.20107798437532,42.498671797312845,45.74201300418788,47.107486907250376,51.37016392200041,57.50253175012546,60.98571667650048,67.42334014762554,72.36466586868808,71.13274130943807,76.86446110612562,83.80357599075069,90.58188656343825,101.4320893740008,106.71137669981334,114.78429825843844,123.40231917956348,132.6335768835011,143.63368201875113,153.36370563937624,163.76420147587632,187.46738311684496,192.53727132543904,195.8214949845016,213.3627924697517,219.5278662596268,230.22271575187688,258.5406276337521,264.5094656531271,265.9267239956271,265.8177041231271,252.84433929562704,247.1384813188473
52,Brunei,2.1352500000000174,2.1157500000000167,4.343625000000036,18.96862500000015,41.17425000000033,53.995500000000426,71.21400000000057,81.72450000000065,80.10112500000065,83.91825000000068,84.23025000000068,81.54900000000065,81.45150000000065,84.95175000000067,85.96575000000068,83.80612500000066,84.02550000000068,83.83050000000067,87.0967500000007,85.35150000000068,87.02362500000069,88.3350000000007,95.08200000000076,100.6736250000008,101.3122500000008,114.6697500000009,113.6752500000009,113.76300000000091,105.01725000000086,109.47300000000088,110.15550000000088,111.12075000000088,111.7252500000009,120.45150000000098,119.26822206000097,117.0944248500009,122.5612658551595,119.47628536170608,118.49997352050094,111.2860927425009,119.75347700306348,124.787910000001,122.512764172501,119.01313710000092,126.88146419817524,132.9145209502583,129.42844677780232,128.54908143834686,125.65272110698082,129.8013605697129,126.40789736722324
53,China,28.9257620452313,37.694198623402464,48.780727630285526,60.27040314650981,75.89233038348141,89.1961651917411,101.79449360865368,122.15339233038443,138.38003933136784,146.2413962635213,143.8225172074741,128.40216322517307,120.23844641101373,123.06047197640213,125.27777777777877,130.3171091445438,138.68239921337374,139.99262536873266,143.7217305801388,151.673795476894,154.18338249754296,156.1184857423808,159.1420845624398,168.96878072763158,176.97123893805448,180.9119960668647,202.72222222222385,228.8158800393332,234.62118977384648,253.96214355949064,274.13962635201784,305.67576204523345,329.17920353982555,352.9043756145554,417.86135693215664,497.0796460177029,590.135939036386,697.846607669622,809.3166175024645,859.3974926253755,965.4451819075788,1061.656096361857,1114.780727630294,1218.107177974444,1311.8085054080732,1356.6887905604826,1379.4161750245928,1491.9948377581236,1614.188544739442,1775.5983284169267,1940.1425762045385
54,India,6.32846620271255,6.706218750000053,7.355906250000058,7.336656250000058,8.303968750000067,10.630812500000086,12.914343750000103,13.792625000000111,15.404812500000125,19.158562500000148,11.331031250000091,19.78178125000016,25.93456250000021,30.857750000000248,35.34059375000029,43.22828125000035,60.40024375000048,69.57700750000055,81.50488500000066,96.90459625000078,115.92735000000091,129.10801750000104,144.34689500000115,146.67085125000116,158.56918000000127,180.77829000000145,197.3172162500016,214.5263312500017,235.4287512500019,241.23368500000197,253.626931250002,254.27748500000203,265.54412500000217,284.26898500000226,281.3776350000022,285.1213750000024,281.8681250000023,289.64512500000234,293.9186250000023,361.4993877978205,474.29187712753367,429.3339434742567,372.678228038708,310.6312810536557,293.552182159407,281.4278107774109,265.82315898000365,276.93324342698,274.9293024202093,269.0600514152981,237.60556354102255
55,Indonesia,12.7890000000001,15.225000000000124,11.276650000000089,17.47830000000014,18.046700000000147,23.64950000000019,23.852500000000195,57.44900000000046,110.4320000000009,160.16700000000128,187.87650000000156,190.5155000000015,193.6620000000015,220.96550000000173,297.9025000000024,327.8450000000026,341.14150000000274,364.4865000000029,398.0830000000032,418.78900000000334,445.3982708397636,489.0921175883964,518.3108309440466,538.4756520174193,613.5329105189074,616.3042948462978,649.3877955267875,666.6897730438268,655.5651419810365,710.8883436055357,706.8442483429483,686.2649733579204,755.9024278288412,791.5684575133713,756.946897672776,762.6978049670237,753.9709921240411,725.7912877078033,748.2994116533835,780.440571176654,870.0051536662045,826.7904294354141,782.9956996611288,776.2365369424111,763.9957757472135,761.6220067760912,750.799643676606,727.0498824922258,728.0167500087358,675.834358303918,631.5246534075483
56,Malaysia,0.0,0.8287491504893914,1.1605093980175214,1.1605093980175214,2.4192625470124973,2.916263083336811,3.4717678024516068,3.176757348805984,23.65559453153737,29.35411598921048,26.10935000000021,21.992330000000173,27.667770000000225,66.72131000000053,101.35545000000084,111.98527000000092,150.60850000000127,162.84326000000138,168.1116500000014,181.95135000000155,180.11381000000142,213.8757000000017,223.9007600000018,241.24109000000195,255.52273000000207,282.8881200000023,361.46040000000295,413.0859700000034,412.26024000000336,422.2736700000034,496.8219700000041,490.239390000004,505.8817400000041,527.2227900000042,601.4221900000051,676.9997963409623,674.658908620634,676.286983323698,692.050748967495,661.6568989156709,650.8205866397965,669.511671095731,692.5072089185605,725.8860058984072,721.7410784214115,768.4600964256721,766.9548106126002,784.6563128262871,772.2798736802474,792.6473351934227,731.9447845958829
57,Myanmar,0.0736875000000006,0.1424625000000011,0.1522875000000012,0.1842187500000014,1.6481437500000131,1.7685000000000144,2.45625000000002,2.259750000000018,2.652750000000022,2.652750000000022,3.4387500000000277,4.126500000000033,4.421250000000036,5.895000000000048,6.288000000000052,9.039000000000073,10.512750000000086,11.691750000000097,10.218000000000083,10.709250000000086,8.351250000000066,8.449500000000068,8.547750000000068,10.80750000000009,14.049750000000111,16.113000000000127,15.720000000000129,14.835750000000118,17.29200000000014,16.899000000000136,33.405000000000264,68.77500000000056,82.53000000000067,94.32000000000076,100.2150000000008,119.86500000000098,123.795000000001,132.83400000000103,121.830000000001,113.5237227103584,122.07877403629595,125.5002381405685,125.11101808186976,128.60941922333492,165.43191812325728,192.1668374508229,182.8007589127949,177.98891673850895,169.71708351661337,184.81904992882704,176.7928454456191
58,Pakistan,29.10392500000023,29.02042500000023,26.895350000000217,30.63615000000025,33.89265000000027,38.07600000000029,38.82750000000031,42.41800000000034,43.58700000000034,49.0980000000004,59.95300000000047,65.38050000000052,71.30900000000055,70.30700000000057,72.14400000000057,73.64700000000059,78.99100000000062,84.58550000000068,89.67900000000073,95.60750000000075,102.12050000000082,110.30350000000088,108.21600000000086,124.582000000001,127.003500000001,130.260000000001,141.53250000000114,141.11500000000112,148.6300000000012,169.50500000000133,179.52500000000143,189.5450000000015,205.4935000000016,255.50380258377987,306.7659483878387,326.10188641514503,333.19478444875017,338.00255303886644,346.0761096028527,347.0166905875077,353.48395330552773,353.39646839745274,365.9723057103854,355.85728645201203,349.8668945100809,350.47566178960625,346.7868866496505,346.51497646198254,342.0010389401494,326.86229577830505,306.1092204630324
59,Thailand,0.0,0.0,0.0,0.0,0.0,0.0,0.0,0.0,0.0,0.0,0.0,2.7255609527385656,13.891568726861074,16.353365716431394,24.412820146572308,32.091282185470206,37.4398292163819,52.308789962316425,61.99859875590732,61.9361746179575,67.49866353010566,83.651275563459,89.24365772476622,100.44571324052175,111.03583636172692,117.56106373943918,135.90350280922937,167.302551126918,181.63665716976132,198.96594954991528,208.950294769044,203.2447871746446,212.44428806781275,222.17864366407207,231.47573722361247,245.1773958969924,251.70262327470465,269.0319156548585,297.97942447043346,293.897310801567,337.15101064055,338.0388694476813,384.49857629831376,389.3474811152173,390.9199539423053,374.77269045598285,372.73707741667846,359.46514885351354,347.2811587170967,357.7268710684673,327.06406123974875
60,Vietnam,0.0,0.0,0.0,0.0,0.0,0.0,0.0,0.0,0.0,0.0,0.0,0.0965000000000007,0.1833500000000014,0.6320750000000052,0.5500500000000045,0.3425750000000028,0.3570500000000028,0.3570500000000028,0.2702000000000021,0.3184500000000025,0.3860000000000031,0.6948000000000056,2.026500000000016,2.412500000000019,2.412500000000019,1.404075000000011,2.769550000000023,5.124150000000041,8.68500000000007,12.5450000000001,15.440000000000124,19.300000000000157,23.160000000000185,22.899450000000183,40.144000000000325,62.14600000000051,67.55000000000054,68.32200000000054,72.36535000000059,77.29650000000062,90.72930000000072,81.83200000000066,90.27575000000073,94.09715000000077,98.5265000000008,102.86900000000082,102.38650000000082,95.20690000000076,96.59650000000076,98.5265000000008,87.12599000000068
